(Years)|(années)
1 year|1 an
10 years|10 ans
100 Billionaires|
2 years|2 ans
3 years|3 ans
5 years|5 ans
6 months|6 mois
Abort|Annuler
About|A propos
Achieved A Population Of|
Achieved The Selected Within|
Acquire Technology From Other Companies|
Add|Ajouter
Add All|Ajouter tout
Advertise|Publier
Advertising|Publicité
Advertising & PR Expense|Dépense publicitaire & RP
Advertising cost (Cost per Thousand)|Prix de la publicité (coût pour 100)
Advertising Cost (CPM)|Coût de la publicité (mensuel)
Advertising Expense|Dépense publicitaire
Advertising Unit|
after|Après
Aggressive|Aggressif
AI Friendly Merger|Fusion des concurrents
Air Conditioner|
AIR CONDITIONER|
All|Tout
All Available|Tout disponible
All cities|Toutes les villes
All Cities|Toutes les villes
All companies|Toutes les compagnies
All Media Firms|Tous les médias
All products|Tous les produits
All suppliers|
Alternative Stock Sim|Bourse alternative
Always|Toujours
Always enable it|Toujours faire ça
Annual Gross Profit|Bénéfice brut annuel
Annual Net Profit|Bénéfice net annuel
Annual Operating Profit|Bénéfice d'exploitation annuel
Annual Operating Profit of Companies Under Your Control|Bénéfice d'exploitation annuel des compagnies sous votre contrôle
Annual Operating Profit of Your Corporation|Bénéfice d'exploitation annuel de votre société
Annual Profit|Bénéfice annuel
Annual rent per square foot|
Annual return|
Annual return on investment:|Retour sur investissement annuel
Annual Revenue|Revenu annuel
Annual Revenue of Companies Under Your Control|Revenu annuel des compagnies sous votre contrôle
Annual Revenue of Your Corporation|Revenue annuel de votre société
Annual Salary|Salaire annuel
Annual Salary: |Salaire annuel:
Apartment|Appartement
Apparel|Habillement
Apparel Store|Magasin de vêtements
Apply All|Appliquer à tout
April|Avril
Are you Certain that you wish to delete this person from the list?|Êtes-vous certain de vouloir supprimer cette personne de la liste ?
Are you sure that you want to demolish the apartment and sell the land? \n \nThe land can be sold for|
Are you sure that you want to demolish the commerical building and sell the land? \n \nThe land can be sold for|
Are you sure that you want to demolish the mansion and sell the land? \n \nThe land can be sold for|
Are you sure that you want to demolish this \nfirm and sell the land for|
Area.|Terrain.
Area. Fields are Completely Stripped of Vegetation.|
Ask Salary Raise|Demander une augmentation de salaire
Assets Turnover|
at|à
Attitude Towards You|Attitude envers vous
August|Août
Auto Locate|
Automobile|Automobile
AUTOMOBILE|AUTOMOBILE
Automobile Outlet|
Available|Disponible
Average|Moyenne
Average Unit Level|
Average Utilization|
Avg. Unit Level|
Baby and Adult Livestock|
Back|Retour
back|retour
Back Pack|
Bad|Mauvais
Badlands|
Balance Sheet|Bilan financier
Bank|Banque
Bank Loans|Emprunts bancaires
BANKRUPTCY|BANQUEROUTE
BANKRUPTCY!|BANQUEROUTE!
BASIC|Basique
Bath Lotion|Lotion de bain
Bed|Lit
Before hiring the new Chief Operating officer,  \n you must terminate the employment of the current one.|
Beverage|Boissons
bill|
billion|milliard
billion x 10|milliard x 10
billion x 100|milliard x 100
Billionaire 100|
Billionaires 100|
Blazer|Blouson
Body Care Products|Produits Corporels
Bonus|Bonus
Boom|Boom
Borrow|
Borrow/Repay Loan|
Borrows|
Both|
Bottled Milk|Bouteille de lait
Brand|
Brand Awareness|
Brand Loyalty|
Brand Rating|
Brand Strategy|
Bread|Pain
Brief|
BUILD|CONSTRUIRE
Building costs:|Coûts de construction
building factory input failed.|
building farm input failed.|
building raw input failed.|
Building Size|Taille du bâtiment
Building Types|Types de construction
buildings. You may acquire them for|
Built with funds donated by:|Offert par:
Business Assets|
Business Relations|Relations commerciales
Buy|
Buy Firm|Acheter la firme
Buy Land|Acheter le terrain
Buy Stock|Acheter des actions
Buy this apartment|Acheter cet appartement
Buy this commercial building|Acheter cet immeuble commercial
Buy this mansion|Acheter cette maison
Buys|Achète
C.E.O.|P.D.G.
C.E.O. of|P.D.G. de
Cakes|Gâteaux
CAKES|GÂTEAUX
CAMCORDER|CAMESCOPE
Camcorder|Caméscope
Camera|Appareil photo
CAMERA|APPAREIL PHOTO
Camera Phone|Smartphone
CAMERA PHONE|SMARTPHONE
Campaign Cheat to Win|
Campaigns 1 Text content|
Campaigns 1 Text title|
Campaigns 2 Text content|
Campaigns 2 Text title|
Campaigns 3 Text content|
Campaigns 3 Text title|
Campaigns 4 Text content|
Campaigns 4 Text title|
Campaigns 5 Text content|
Campaigns 5 Text title|
Campaigns 6 Text content|
Campaigns 6 Text title|
Campaigns 7 Text content|
Campaigns 7 Text title|
Campaigns 8 Text content|
Campaigns 8 Text title|
Campaigns 9 Text content|
Campaigns 9 Text title|
Can be sold in:|Peut être vendu à:
CAN_FOOD|
Cancel|Annuler
Canned Corn|Boite de MAÏS
CANNED CORN|BOITE DE MAÏS
Canned Soup|Boite de soupe
CANNED SOUP|BOITE DE SOUPE
Cannot be sold in|Ne peut être vendu à
Cannot be sold in:|Ne peut être vendu à:
Cannot connect to lobby|Ne peut se connecter chez l'hôte
Cannot create player|Ne peut créer le joueur
Cannot create session|Ne peut créer la session
Cannot delete this slot|Ne peut supprimer cette place
Cannot get connection string from lobby|
Cannot get game configuration info from the host.|
Cannot get kingdom information from the host.|
Cannot get random seeds from the host.|
Cannot initialize DirectPlay.|
Cannot join a load game session|
Cannot join a new game session|
Cannot join session|Impossible de rejoindre la session
Cannot link Seaport Products of different Towns|
Cannot load in scenario editor|
Cannot load the saved game. It was saved with a different version of Capitalism.|
Cannot open the saved game file|
Cannot purchase the apartment|Impossible d'acheter l'appartement
Cannot purchase the commercial building|Impossible d'acheter l'imeuble commercial
Cannot purchase the firm|Impossible d'acheter la firme
Cannot purchase the mansion|Impossible d'acheter la maison
Cannot purchase the stock|Impossible d'acheter des actions
Cannot purchase the technology|Impossible d'acheter la technologie
Cannot read file header|
Cannot receive important information from the host|
Cannot set up here:|
Cannot set up:|
CAR|VOITURE
Car|Voiture
Car Body|Carrosserie
CAR BODY|CARROSSERIE
Career|Carrière
Cash|Argent
CASH|ARGENT
Cash:|Argent:
Cattle|Bétail
CCD|
Ceases.|Cesse.
Central Bank Attitude|Attitude de la Banque Centrale
Central Bank Policy|Politique de la Banque Centrale
CEO|PDG
CEO & Chairman|PDG & Actionnaire majoritaire
CEREAL BAR|BARRE DE CEREALE
Cereal Bar|Barre de céréale
Chair|Chaise
CHAIR|CHAISE
Chairman|Actionnaire majoritaire
Chairman & CEO|Actionnaire majoritaire & PDG
Chairman and CEO|Actionnaire majoritaire et PDG
CHALLENGE GAME|DEFIS
Challenge Game|Défis
Challenge Game Mode|Mode de jeu challenge
Challenge Game Title|Titre du jeu challenge
Change Group Manager|
Change Internal Sale|Changer en vente interne
Change it as needed|
Change Training Budget|Changer le budget d'entraînement
Character|Personnage
Character:|Personnage:
Chart|Charte
CHEAT ENABLE|Code activé
Cheat Mode Enabled.|Mode de triche activé.
CHEMGOOD|
Chewing Gum|Chewing-gum
CHEWING GUM|CHEWING-GUM
Chicken|Poulet
Chickens|Poulets
Chief Executive Officer|Président-Directeur Général
Chief Executive Officer of|Président-Directeur Général de
Chief Executive Officer Office|Bureau du Président-Directeur Général
Chief Executive Officer's Office|Bureau du Président-Directeur Général
Chief Marketing Officer|Directeur Marketing
Chief Marketing Officer of|Directeur Marketing de
Chief Marketing Officer's Office|Bureau du Directeur Marketing
CHIEF MARKETING OFFICER'S OFFICE|BUREAU DU DIRECTEUR MARKETING
Chief Operating Officer|Directeur d'Exploitation
Chief operating officer|Directeur d'Exploitation
Chief Operating Officer of|Directeur d'Exploitation de
Chief Operating Officer's Office|Bureau du Directeur d'Exploitation
CHIEF OPERATING OFFICER'S OFFICE|BUREAU DU DIRECTEUR D'EXPLOITATION
Chief Technical Officer|Directeur Recherche & Développement
Chief Technical Officer of|Directeur Recherche & Développement de
CHIEF TECHNICAL OFFICER'S OFFICE|BUREAU DU DIRECTEUR RECHERCHE & DEVELOPPEMENT
Chief Technical Officer's Office|Bureau du Directeur Recherche & Développement
CHOCOLATE BAR|BARRE CHOCOLATEE
Chocolate Bar|Barre chocolatée
Cigarettes|Cigarettes
CIGARETTES|CIGARETTES
Cigars|Cigares
CIGARS|CIGARES
Cities|Villes
Citric Acid|Acide citrique
CITRIC ACID|ACIDE CITRIQUE
City|Ville
City Average|
City Overall|
City Total|
Clear|Nettoyer
Clear Stock|Vider le stock
Client|Client
CLIENT LIST|LISTE DES CLIENTS
Clients|Clients
Close|Fermer
CLOSE|FERMER
COAL|CHARBON
Cocoa|Cacao
COCOA|CACAO
Coconut|Noix de coco
Coconut Oil|Huile de noix de coco
COCONUT OIL|HUILE DE NOIX DE COCO
Cold|Glace
COLD PILLS|PILLULES MEDICAMENTEUX
Cold Pills|Pillules médicamenteux
Color|Couleur
Comfort|Confort
Commercial Building|Immeuble commerciale
Common Stock|
COMMUNICATION DEVICES|PERIPHERIQUE DE COMMUNICATION
Communication Devices|Périphérique de communication
Community Building|Bâtiments communautaires
Community Facilities|Infrastructures communautaires
Commuting Convenience|
Compact Kamera|Caméra compact
COMPACT KAMERA|Caméra compact
Competence of Local Competitors|Compétence des concurrents locaux
Competitor Advantage|Avantage des concurrents
Competitor Aggressiveness|Agressivité des concurrents
Competitor Expertise Level|Niveau d'Expertise des concurrents
Competitor Start-up Capital|Capital de départ des concurrents
COMPETITORS|CONCURRENTS
Compliment|Compliment
Computer|Ordinateur
Computer Controlled Kingdoms|
Computer Store|Magasin multimédia
Computer's Aggressiveness|Aggressivité
Computer's Treasure|Trésorerie
Concern|
Confidential|Confidentiel
Confirm|Confirmer
Connection string from host is corrupted|
Conservative|Conservateur
Constant Import Supply|Importation constante
Consumer Goods|Biens consommés
Consumer Price Index|
Consumer Price Index:|
Consumption of Reserve|Réserve
Content Quality|Qualité
Content Volume|Volume
Continue|Continuer
Continue Game|Continuer la partie
Contraction|
Controlled Share|Part contrôlé
Convenience Store|Epicerie
Conversely, if the livestock supply bar is longer than the process capacity bar, the unit has reached its full capacity and cannot process all livestock sent to it. You could set up a new livestock process unit to lessen the workload of the current one. You could also increase the training budget for the current unit, which would increase the unit's productivity in long term.|
Cookies|Cookies
COOKIES|COOKIES
Cool|Bien
Corn|Maïs
CORN|MAÏS
Corn Syrup|Sirop de maïs
CORN SYRUP|Sirop de maïs
Corp.|
Corporate|Société
Corporate Balance Sheet|Bilan financier de la société
Corporate Brand|
CORPORATE COLOR|Couleur de la société
Corporate Details|Détails de la société
Corporate Income Statement|Situation de revenus
CORPORATE LOGO|LOGO
Corporation|
Corporation            Price          Owned Qty      Owned%         Stock Value       Subsidiary|
Corporation / Subsidary|
Corporation Name|Nom Corporation
Corporation Takeover and Merger|
corporation's stock performance.|
Corporations|
CORPORATIONS|
COSMETIC|COSMETIQUE
Cosmetic Store|Magasin de cosmétique
COSMETICS|COSMETIQUES
Cosmetics|Cosmétiques
Cost|Coût
Cost of Sales|Prix
Cost+Freight|Coût+FdP
Cotton|Coton
Cough Syrup|Sirop contre toux
COUGH SYRUP|SIROP CONTRE TOUX
CPI|CPI
CPU|CPU
Create|Créer
Creating a New Game . . . . .|Création d'une nouvelle partie . . . . .
Credit Limit|Limite du Crédit
Credits|Crédits
Crop|Culture
Crop Growing|en cultivation
Crop Growing Unit|
Crop in Barn|
Crop Name|Nom de la culture
CTO|
CURRENT|ACTUEL
Current advertising pricing (Cost per thousand)|Prix actuel de la publicité (pour 100)
Current advertising pricing (CPM)|Prix actuel (mensuel)
Current Dividend Payout Ratio:|Ratio Actuel du dividende
Current Month|Mois actuel
Current Product|Produit actuel
Current Stock Price|Prix de l'action
Current Tech.|Technologie actuel
Cursor|Curseur
Custom|Perso.
Custom game unexpected end of file.|
Customer Traffic|
Customer Traffic:|
D1etail Report|Rapport détails
Daily Ad. Freq.|Publicité par jour
Daily Frequency|Fréquence journalière
Day|Jour
Days since last successful training|Jours passés depuis les derniers stages
December|Décembre
Declare Bankruptcy, ARE YOU SURE ?|Êtes-vous sûr de vouloir déclarer la faillite ?
Defeated All Except One Allied Kingdom|
Defeated All Others|
Degree (0-100)|Degré
Delegate|Déléguer
Delete|Supprimer
DELETE|SUPPRIMER
Delete the current plan, confirm ?|Supprimer le plan actuel ?
Demand|Demande
Demand Bonus|Demande (bonus)
Demo Version|Version démo
Demolish Apartment|Démolir l'appartement
Demolish Commercial Building|Démolir l'immeuble commercial
Demolish Firm|Démolir la firme
Demolish the apartment and sell the land|Démolir l'appartement et ventre le terrain
Demolish the building and sell the land|démolir le bâtiment et vendre le terrain
Demolish the mansion and sell the land|Démolire la maison et vendre le terrain
Demolish this firm|Démolir cette usine
Department Stores|Grand Magasin
Description|Description
Description of the saved game:|Description de la partie sauvée
DESSERT|DESSERT
Destroyed All Independent Fryhtan Lairs|
Detail|Détails
Detailed|Détaillé
DETERGENT|DETERGENT
Detergent|Détergent
Developing|En développement
Development|Développement
Difficulty Level|Niv. de difficulté
DIFFICULTY RATING|Pourcentage de difficulté
Difficulty:|Difficulté
DIGITAL CAMERA|CAMERA NUMERIQUE
Digital Camera|Caméra numérique
Discount|Réduction
Discount Megastore|
Display News|Nouvelles
Distance|Distance
Distance to CBD|
Diversified|Diversifié
Dividend Paid|Dividende payé
Dividend Payout Ratio|
Dividend Yield|
Do you accept?|Vous acceptez ?
Do you agree?|D'accord ?
Do you really want to cancel this game and quit?|Voulez-vous vraiment quitter la partie ?
Do you really want to quit to the Main Menu?|Voulez-vous vraiment revenir au menu principal ?
Do you really want to quit to Windows?|Voulez-vous vraiment revenir à Windows ?
Do you really want to restart?|Voulez-vous vraiment recommencer ?
Do you really want to retire?|Voulez-vous vraiment abandonner ?
Do you really want to retreat?|Voulez-vous vraiment prendre la retraite ?
Do you really want to win this game by cheating?|Voulez-vous vraiment gagner cette partie en trichant ?
Do you want President|Voulez-vous présider ?
Do you want to continue to stay in the game?|Voulez-vous continuer
Do you want to manage all of your firms yourself?|Voulez-vous diriger toutes les usines vous-même?
Do you want to proceed ?|Voulez-vous
Dominance|Monopole
Dominated Industries|Industries dominées
Dominated Products|Produits dominés
Don't Show Tips|Ne pas montrer les astuces
Donation to Public Facilities|
Donations|Donations
Done|OK
Double-click here to view the product detail report.|Double-clic ici pour voir le rapport détaillé du produit
Drug Store|Pharmacie
DRUGS|MEDICAMENTS
Drugs|Médicaments
Dry|
Duration|
Duration:|
Dyestuff|Teinture
DYESTUFF|TEINTURE
Earnings Per Share|Bénéfice par action
Economic State|Situation économique
Eggs|oeufs
EGGS|OEUFS
ELAL_PRO|
Electonic Products|Produit électonique
ELECTRONIC COMPONENTS|COMPOSANTS ELECTRONIQUES
Electronic Components|Composants électroniques
ELECTRONIC PRODUCTS|PRODUITS ELECTRONIQUE
Electronic Products|Produits électroniques
Elegant Watch|Montre de luxe
ELEGANT WATCH|MONTRE DE LUXE
ELIC_PRO|
Employee|Employé
Employees|Employés
Employment|Embauche
Employment Policy|Politique d'Emploi
Employment rejected|
Employment Termination|
Empty Game Slot|Nouvelle sauvegarde
Endure Loss for Avoiding Layoff|
Engine|Moteur
ENGINE|MOTEUR
ENVIRONMENT|ENVIRONNEMENT
Equity Per Share|
Equity-to-Assets Ratio|
Error creating %1s directory|
Error creating profile|Erreur lors de la création du profil
Error creating saved game file.|
Error creating saved game header.|
Error writing saved game data.|
Erschoepft.|
Espionage Methodologies|Méthodes d'espionnage
Excluded Industries|Secteurs exclus
Excluded products|Objectifs inclus
Exhausted.|
EXIT|
Exit|
Expansion|Agrandissement
EXPENSES|DEPENSES
Expenses|Dépenses
Expertise|Expertise
Explored|Exploré
EYE SHADOW|FARD A PAUPIERES
Eye Shadow|Fard à paupières
Factory|Usine
Factory - Large|Usine - Grand
Factory - Medium|Usine - Moyen
Factory - Small|Usine - Petit
Factory Overhead|
Fail Loading Game|Echec du chargement
Farm|Ferme 
Farm - Large|Ferme - Grand
Farm - Medium|Ferme - Moyen
Farmer's Guide|Guide du fermier
Farming|Agriculture
Fast build is now disabled|Construction rapide désactivée
Fast build is now enabled|Construction rapide activée
February|Février
Fertile|Fertilisant
Few|Peu
Field of Expertise|Champ d'expertise
File date:|Date:
File name:|Nom:
FINANCE DEPARTMENT|DEPARTEMENT DES FINANCES
Finance Department|Département des finances
Financial Actions|Actions financières
Financial Overview|
Financial Report|Rapport financier
Financials|Financiers
Fire Station|Caserne des pompiers
Fire!|Renvoyer!
Firm|Firme
Firm can not be taken by player!!|
Firm Income Statement|Situation de revenue de la firme
Firm Overview|
Firm Profit|Bénéfice de la firme
Firm Revenue|Revenue de la firme
Firms|Firmes
Flax|Lin
FLAX|LIN
Flax Fiber|Fibre de lin
FLAX FIBER|FIBRE DE LIN
Flour|Farine
FLOUR|FARINE
Fog of War|Brouillard de guerre
Food|Nourriture
FOOD|NOURRITURE
Footwear|Chaussure
Footwear Store|Magasin de chaussure
Footweare|Chaussure
FOOTWEARE|CHAUSSURE
FOR SALE|A VENDRE
For Sale|A vendre
for training an employee?|
Forget it!|Oubliez-ça!
Founded.|Trouvé
Freight Charge|Frais de charge
Freight Cost|Coût de frais
Frequency of Upgrading Production Facilities|
Frequent|Fréquent
from|de
From Any Firms|
From any firms|
From Own Firms Only|
From own firms only|
Frozen|Congelé
FROZEN BEEF|BOEUF CONGELE
Frozen Beef|Boeuf congelé
FROZEN CHICKEN|POULET CONGELE
Frozen Chicken|Poulet Congelé
FROZEN LAMB|AGNEAU CONGELE
Frozen Lamb|Agneau congelé
FROZEN PORK|PORC CONGELE
Frozen Pork|Porc congelé
Fryhtan|
Fryhtan Species|
Fryhtans|
Function:|Fonction
Function: Advertising your products|Fonction: Faire la publicité de vos produits
Function: Borrowing bank loans|Fonction: Emprunter à la banquer
Function: Issusing new shares|Fonction: Dégager de nouvelles actions
Function: Provide information|Fonction: Fournir des informations
Function: Trading stocks|Fonction: Echanges boursières
Fund to be Raised|Augmenter les fonds
Furniture|Meuble
FURNITURE|MEUBLE
Furniture Store|Magasin de meubles
Gain|
Gain in value|
Game date:|Date du jeu:
Game Design Mode Warning|
Game of|
GAME OPTIONS|OPTIONS
Game Saved Successfully|
Game Speed|Vitesse de jeu
Game Starting Year|Année de départ
game year num|
GDP Growth|
GDP Growth:|
Geese|
Gem Stones (%1d)|
Glass|Verre
GLASS|VERRE
Go|Aller
Go to Client|Aller au client
Go to Media|Aller au média
Go to Supplier|
GOAL|OBJECTIF
Goal|Objectif
Goal Industries - Goals of Industry Dominance|Domination dans les secteurs suivants
Goal Products - Goals of Product Market Dominance|Objectif produit - Objectif de secteur en monopole
Goal Report|
Goal Score Bonus|Bonus score d'objectif
Goal Values|Valeurs des objectifs
GOALS|OBJECTIFS
Goals of Companies Controlled by the Player ($million)|Objectifs pour les sociétés sous contrôle du joueur ($million)
Goals of the Player's Own Corporation|Objectifs pour la société du joueur
Goals of the Player's Own Corporation ($million)|Objectifs pour la société du joueur ($million)
Goat|
Goats|
Golf Clubs|Club de golF
GOLF CLUBS|CLUB DE GOLF
Good|Ben
Goose|
Government|Gouvernement
Grand strategy failed, cannot find location to build.|
Grand strategy plan|Grand plan de stratégie
Grape Juice|Jus de raisin
GRAPE JUICE|JUS DE RAISIN
Grapes|Raisins
GRAPES|RAISINS
Graphs 1|Graph 1
Graphs 2|Graph 2
Great|Super
Green and Sports|
Grow Crop|
Growing|
Growth Progress|
Guide|Guide
Hair Color|Coloration
HAIR COLOR|COLORATION
Hall of Fame|Palmarès
Handheld Game Console|Console portable
HANDHELD GAME CONSOLE|CONSOLE PORTABLE
Hardware Store|Magasin Hardware
Harvesting|
Harvesting Month|Mois de récolte
has been Executed|
Has gained improvements|
Has Retail Sales|
Has Trade Sales|
Have gained improvements|
He|
He currently manages this firm|
Headache Pills|
HEADACHE PILLS|
Headquarters|
Hello|
Help|
HI-FI SYSTEM|SYSTEME HI-FI
Hi-fi System|Système hi-fi
High|Haut
Hire Chief Marketing Officer|Renvoyer le directeur marketing
Hire Chief Operating Officer|Renvoyer le directeur d'exploitation
Hire Chief Operating Offier|Renvoyer le directeur d'exploitation
Hire Chief Technical Officer|Renvoyer le directeur Recherche & Developpement
Home Appliances|Electoménager
Hot|Chaud
Household Products|Produit ménager
Housing Demand|
Housing Supply|
Housing Supply & Demand Index|
How much do you offer ?|Combien m'offrez-vous ?
How much will you allocate|
HUD Glasses|
HUD GLASSES|
Huge|Gigantesque
Human|Humain
HUMAN RESOURCES DEPARTMENT|DEPARTEMENT DES RESSORCES HUMAINES
Human Resources Department|Département des Ressources Humaines
Humans|Humains
I am the|Je suis le
I manage this firm myself|Je gère cette firme moi-meme
I will manage all of of my firms|Je vais gérer tout
I will manage this firm myself|Je vais gérer cette firme moi-même
Ice Cream|Glace
ICE CREAM|GLACE
If your company is using 'Corporate Brand' strategy,|
"If your name is not here, click on ""New Player"" below"|
Ignore|Ignorer
Ignore All|Tout ignorer
Import Quality|Qualité des importations
IMPORTS|IMPORTS
in|dans
in his skills and productivity.|
in their skills and productivity.|
in which you have ownership.|
in which your corporation has ownership.|
Included Industries|Secteurs inclus
Included products|Objectif exclus
Income Statement|Situation de revenus
Incorrect kingdom information received from the host.|
Increase in Asset Value|
Increase starting treasure %1,3d|
Increases in Asset Values|
Independent Investor|Investisseur indépendant
Independent Town Resistance|
Independent Towns|
Industrial|Industriel
Industrial Goods|Biens industriels
Industries|Industries
Industry|Industrie
Industry Revenue|Revenu industriel
Inflation|Inflation
Inflation Dove (modest)|
Inflation Hawk (modest)|
Inflation Hawk (strong)|
Inflation Rate:|
Inflation Strength|Niveau d'inflation
Information Center|Centre d'information
Input|
INPUT|
Input Materials|
Inside Information|
Instructions: How to set up a private challenge game|Instructions: Comment créer un défi privé
Insufficient disk space ! The game is not saved.|
Intangible Asset: Technology|
Interest Rate|
Internal Sale|
Invalid value.|
Invented|
Inventory|Inventaire
Inventory Turnover|
Inventory Unit|
Inverse|Inverse
Investing in Research and Development|
Investing in Stocks|
Investing in Training and New Equipment|
Investor Relations Department|
INVESTOR RELATIONS DEPARTMENT|
Investor relations efforts will help improve your|
IPX|
IRON ORE|
Issue|
Issue New Shares|
Issue New Shares to the Public|
ISSUE NOW|
Issues|
Issuing Price (should be LOWER than market price)|
It is not recommended to use this saved game file name, do you wish to continue?|
It tells the number of times a target audience is exposed to the advertisement in a day. The higher the frequency, the greater the effect of the advertising.|
It will overwrite the existing saved game. Proceed ?|
January|Janvier
Jewelry|Bijoux
JEWELRY|BIJOUX
Jewelry and Watch Store|Bijouterie
Job Title|Nom du métier
Join|Rejoindre
Join a local area network game|Rejoindre une partie locale
Join a local area network or Internet game|Rejoindre une partie locale ou en ligne
Join with another player by Modem|Rejoindre un autre joueur via modem
Join with another player linked by serial cable|Rejoindre un autre joueur lié par un câble
July|Juillet
June|Juin
King|Roi
King immortal mode is now disabled.|Mode du Roi immortel désactivé
Labelling|
Land & Resource|Terrain et ressource
Land and Building Cost|Coût du terrain et du bâtiment
Land and building cost|Coût du terrain et du bâtiment
Land and building cost:|Coût du terrain et du bâtiment:
Land and Natural Resources|Terrain et ressources naturelles
Land Cost|Prix du terrain
Land cost:|Prix du terrain
Land costs:|Prix du terrain
Large|Grand
Last Month|Mois dernier
Last Year|Année dernière
Last Year Changes|
Last Year Trade|
Layout Plan|
Layout Plan Library -|
Leader|Leader
Leader Market Share|
Leather|Cuir
LEATHER|CUIR
Leather Bag|Sac en cuir
LEATHER BAG|SAC EN CUIR
Leather Belt|Ceinture
LEATHER BELT|CEINTURE
Leather Briefcase|Serviette
LEATHER BRIEFCASE|SERVIETTE
Leather Goods|Maroquinerie
Leather Jacket|Blouson
LEATHER JACKET|Blouson
Leather Store|
LEFT CLICK TO BUILD|CLIC GAUCHE POUR CONSTRUIRE
lementary)SCP#]Supp. %1d|
Lemon|Citron
LEMON|CITRON
Let her manage all of my firms|Lui laisser tout gérer de mes firmes
Let her manage this firm|Lui laisser gérer cette firme
Let him manage all of my firms|Lui laisser tout gérer de mes firmes
Let him manage this firm|Lui laisser gérer cette firme
Level|Niveau
LIABILITIES|
Lifetime|
Lifetime Profit|
Lifetime Revenue|
Lifetime Trade|
Linen|
LINEN|
Link|Lien
Link Media|Lien média
Link This Item|Lier cet objet
Lipstick|Rouge à lèvres
LIPSTICK|Rouge à lèvres
Little|Petit
Livestock Name|Nom du bétail
Livestock Processing|Processus
Livestock Processing Unit|
Livestock Products|Boucherie
Livestock Raising|
Livestock Raising Unit|
Livestock Supply and Process Capacity|
Load|Charger
Load Game|Charger partie
Load game error|Erreur de chargement
LOAD SCRIPT|Charger script
Loan Amount|Montant emprunté
Loan Interest|Intérêt de l'intérêt
Loan Interest Rate|
Loan Interest Rate:|
Lobby error reserved 1|
Lobby error reserved 2|
Lobby error reserved 3|
Lobby error reserved 4|
Local|Local
Local Billionaires|Milliardaires locaux
Location is not next to roads|
LOG|
Logging Camp|Sciérie
Look for Better Products to Sell in Retail Stores|
Look for better products to sell in retail stores|
Look for Better Supplies|
Look for better supplies|
Look for Candidates|
Loose|Perdu
Lost Ownership|
Low|Bas
LPRODUCT|
LSEMI|
LSTOCK|
Macro Economy Realism|Réalisme Macro-Economique
Main Map|Carte
Major|Majeur
Management|Gestion
MANAGEMENT POLICIES|Politique de gestion
Manager|Gestionnaire
Manager of this Firm|Responsable de cette firme
Manager's Guide|Guide du directeur
Mansion|Maison
Mansion Demolish|Maison détruite
Mansions market|Marché immobilier
Manufacturer's|Fabricant
Manufacturing|Fabrication
Manufacturing Level|Niveau de fabrication
Many|Tous
March|Mars
Market Cap|Capitalisation boursière
Market Cap of Companies Controlled|
Market Cap of Companies Under Your Control|
Market Cap of Your Corporation|
Market Capitalization|Capitalisation du marché
Market Dominance of the|Monopole de
Market Share|Part de marché
Market Value|Valeur marchande
Market value|Valeur marchande
Market value:|Valeur marchande:
Market Value:|Valeur marchande:
Marketing|Publicité
Max. No. of Shares Can Be Issued|
Maximum Number of Shares that can be issued|Nombre maximum d'actions possible d'émettre
May|Mai
Media|Média
Media Firm|Entreprise média
Medium|Moyen
Merger|
Merger!|
MERGER!|
Message|
Mft|
Milk|Lait
MILK|LAIT
million|million
Mine|Mine
Mission Briefing|
Mobile Phone|Cellulaire
MOBILE PHONE|CELLULAIRE
Modem|Modem
Moderate|Modéré
Money Demand|Demande d'argent
Money Supply|Don d'argent
Month|Mois
Monthly Ad. Spending|
Monthly Advertising Expense|
Monthly Budget for Developing Your Own Content|
Monthly Budget for Licensing Content from Third Parties|
Monthly budget for new content development|
Monthly Interest|
Monthly operating funds:|
Monthly Spending|
Monthly spending on investor relations efforts|
Monthly spending on public relations efforts per active city|
Monthly:|
More|Plus
MORE|PLUS
Moscow|Moscou
Motorcycle|Moto
MOTORCYCLE|MOTO
Multi Player|
Multiplayer Auto Save File Name|
Music|Musique
MUSIC|MUSIQUE
Must Research|
My Firms|Mes firmes
Nationality|Nationalité
Natural Resource|Ressource naturelle
Natural Resources at Start|Ressource naturelle au départ
Natural Resources Firm|
Natural Resources Nearby|
near|près
Necessity Index:|
NET PROFIT|BENEFICE NET
Net Profit|Bénéfice net
Net Profit Margin|
Net Worth|Valeur nette
NET WORTH|
Net Worth of Companies Under Your Control|
Net Worth of Your Corporation|
Network Latency|
Neutral|Neutre
Never|Jamais
Never Change it|Ne jamais changer ça
Never sell products below costs|Ne jamais vendre un produit en dessous de son coût
New advertising budget:|Nouveau budget publicitaire
New Campaign|Nouvelle campagne
New City|Nouvelle ville
New content development budget|
New Dividend Payout Ratio:|
New Game|Nouveu jeu
New Invention|Nouvelle invention
New Kingdoms Emerge|
New Player|Nouveau joueur
New Price|Nouveau prix
New Product|Nouveau produit
New rent:|
New Seaports Emerge During the Game|
New Shares at|
New Single Game|Nouveau jeu solo
NEW SINGLE-PLAYER GAME|NOUVEAU JEU SOLO
New Software|
New Towns Emerge|
NEWCOMER!|
NEWS|NOUVELLES
News Message|Nouveaux messages
Newspaper|Journal
Newspaper Publisher|Editeur de journaux
Next|Suivant
Next month advertising pricing (Cost per thousand)|
Next Tip|
No|Non
No Longer in Business|
No. of Companies Under Your Control|
No. of Controlled Companies|Nombre de sociétés contrôlées par le joueur
No. of Employees|Nombre d'employés
No. of Product Classes|
No. of Product Classes Being Produced|Nombre de classe de produits fabriqués
No. of Product Classes Being Produced by Your Corporation|
No. of Product Types|
No. of Product Types Being Produced|Nombre de type de produits fabriqués
No. of Product Types Being Produced by Your Corporation|
No. of Units|
No. of Years|Durée (ans)
No. of years given to achieve the goals|
No. of Years of Operation|
No. of years passed|
No.of Employees|
No.of Units|
None|Aucun
Normal|Normal
Normal Difficulty. Enjoyable for Most Players.|Difficulté normale. Jouable pour la plupart des joueurs.
November|Novembre
Now AI info will be displayed.|
Now AI info will not be displayed.|
Number of Cities|Nombre de Villes
Number of Competitors|Nombre de concurrents
Number of Game Years|Durée d'année
Number of New Shares|
Number of Seaports Importing Consumer Goods per City|Nombre de ports importants des biens de consomation par ville
Number of Seaports Importing Industrial Goods per City|Nombre de ports importants des matières premières par ville
Number of Shares in Existence|
Occasional|Parfois
Occupancy|
Occupancy graph|
Occupancy Rate|
Occupancy Rate:|
October|Octobre
of|
of your company. \n|
Off|Off
Offer|
Offer now|
Offer Price|
Offer to Sell Firm|
Office Space Demand|
Office Space Supply|
Oil Well|Puit de pétrole
Ok|
OK|
On|On
One|Un
One Product|
Ongoing donation|
Ongoing donation Monthly operating funds:|
Only Dominated|
Opaque|
Operating Expenses|
OPERATING EXPENSES|
Operating Overhead|
OPERATING PROFIT|
Operating Profit|
Operating Profit Margin|Marge d'exploitation
Operating Profit Margin of Your Corporation|
Operating Revenue|
OPERATING REVENUE|
Operating Years|
Operation since|
Options|Options
Organize an intensive Training Program|
Original Technology:|
Ostrich|
Ostriches|
Other Profit|
OTHER PROFIT|
Ours|
out of a total of|
Output|
OUTPUT|
OVERALL|
Overall|
Overall Rating|
Overseas Producer|
Overview|
Owned %|
Owned by|Appartient à
Owned by Government|Propriété du gouvernement
Owned for:|
Owned Qty|
OWNED STOCKS|
Owned Stocks|
Owner|
Owner:|
Ownership|Propriétaire
P/E Ratio|
page %1d/%2d|
Panic|
Paper|Papier
PAPER|
PARFUME|PARFUM
Parfume|
Parties|
Past|
Past 10 Years|
Past 12 months|
Past 30 Days|
Past 30 Months|
Past 30 Years|
Past 36 months|
Paused|
Paying Dividend|
per|
Per Share|
per share. \nWill you accept this offer?|
Period:|
Person Report|
Personal Wealth|
Personality|
PHOTO|Photo
Photography products|Photographie
Pig|Cochon
Pigs|
PLANT|
Plastic|Plastique
PLASTIC|
Play Scenario|
Player Controlled|
Player Register|
Player's Wealth ($million)|Fortune du joueur ($million)
Please enter your name|
Please select a location|
Please select your name from this list|
Plentiful|
Point|
Points|
Police Station|Commissariat de police
Population|Population
Population Growth|
Population:|Population :
Portable Media Player|
PORTABLE MEDIA PLAYER|
Position|
POSITION VACANT|
Pre-made|
Prefer ordering from own warehouses over own factories|
Preference|
President|
president|
Prev|
Previous|
PREVIOUS|
Previous Tip|
Price|Prix
Price    P/E    Owned%  Stock Value|
Price Agreement|Accord de prix
Pricing Policy|
Pricing policy|
Printer|Imprimante
PRINTER|IMPRIMANTE
Private Challenge Games|Jeux challenge privés
Private Corporation|
Private Labelling Unit|
Privatization|
Privatize Your Corporation|
Producer|
Product|
Product Class|
Product Class:|
Product Detail|
Product Details|
Product Name|
Product Quality|
Product Revenue|Revenu produit
Product Stock|
Product Summary|
Product Type|
Production|
Production & Retail|
Production Quality|
Production Technology|
Products|Produits
Products sold in|
Products with R&D Only|
Profit|
Profit Graph|
Profit:|
Programming:|
Progress|
Progress Indicator|
Project Management:|
Prosperous|
PSEMI|
Public Challenge Games|Jeux challenge publics
Public Relations Department|
PUBLIC RELATIONS DEPARTMENT|
Public Shareholders|
Publication Content Quality|
Publication Content Volume|
Publisher|
Purchase|
Purchase Cost|
Purchasing|
Purchasing Goods from Own Firms|
Purchasing Unit|
Put this apartment on sale|
Put this apartment on sale for|
Put this building on sale for:|
Put this commercial building on sale|
Put this mansion on sale|
Put this mansion on sale for:|
Qty Sold Graph|
Quality|
Quality is determined by:|
Quality of Living Index|
Quality Sold|
quality_rating|
Quality:|
Quantity|
Quantity Sold Graph|
Quit|
Quit to Main Menu|
Quit to Windows|
R & D New Product|
R&D|
R&D Center|
R&D Duration|
R&D Expense|
R&D Expenses|
R&D Progress|
R&D Tech.|
Radio Broadcast|
Radio Content Quality|
Radio Content Volume|
Radio Station|
Random Events|Evènements Aléatoire
Random Kingdoms|
Randomize|Aléatoire
Range Band|
Range Brand|
Rank|
Ranking Method|Méhode de classement
Rankings|Classement
Rating (0-100)|
Rating Points|
Rating Points for past 36 months|
RAW|
Raw Material Cost|
Raw Material Name|
Raw Material Production|Secteur primaire
Raw Material Quality|
Raw Material Stock|
Reached A Total Score Of|
Reached An Economic Score Of|
Ready|
Real Estate|Immobilier
Real Estate Focused|
Real Wage Rate|
Real Wage Rate:|
Received Dividends|
Record|Enregistrement
Record No.|
Reduced|Réduit
Refrigerator|
REFRIGERATOR|
rejected your offer.|
Relocate or Duplicate this firm|
Remove|Enlever
Remove All|Enlever tout
Rent Attractiveness|
Repay|
REPAY|
Replace|
Replace the current plan with the highlighted firm's plan, confirm ?|
Reports Background|
requested an annual salary of|
Research & Development|
Research & Development Unit|
Research and Development|
Researching new product|
Reserve|
reserved|
Reserved|
Reset Goals|Par défaut
Restart Game|
Retail|
Retail Focused|
Retail Store|
Retail Store Type|Type de magasin
retail stores.|
Retailer|
Retailing|Vente
Retire|
RETIRE|
Retired|
Retreat|
Return|
Return on Equity|Rendement des capitaux propres
Return on Equity of Your Corporation|
Return on Total Assets|
REVENUE|
Revenue|
Revenue Graph|
Riots!|
Rubber|
RUBBER|
Rubber Plant|
RUBBER PLANT|
Salaries Expense|
Sale of Land|
Sale of Stock|
Sales|
Sales Revenue|
Sales Unit|
Same profile has already been created|
Sandals|
SANDALS|
Save|
Save Game|
Save game|
Save New|
Scenario Editor|
Scenario files not found.|
Score|Score
Score Report|
SCORE REPORT|
Score:|
Scrolling Method|
Scrolling Speed|
Seaport|Port
Search|
Sector|
Seldom|Rarement
Select|
Select A Game|
SELECT ADVERTISING MEDIA|
Select Building Location|
Select Connection Method|
SELECT SUPPLIER|
Sell|
"Sell factory ""internal sale"" products at cost"|
Sell Firm|
Sell Stock|
Sells|
SEMI|
Semi Products|
SEMI PRODUCTS|
September|
Serial|
Set New Dividend|
SETTING UP YOUR MULTI-PLAYER GAME|
Setup Cost|
Setup:|
Share Dilution|
SHAREHOLDER EQUITY|
Shareholders|
shares|
She|
She currently manages this firm|
Sheep|
Shoes|
SHOES|
Shopping Convenience|
Show|
Show Competitor Trade Secrets|Montrer les secrets des concurrents
Show Unit Identities|
Show Unit Paths|
Silica|
Silicon|
SILICON|
SILVER|
Silver Necklace|
SILVER NECKLACE|
Silver Watch|
SILVER WATCH|
Single Player|
Size|
Slightly Loose|
Slightly Tight|
Slighty Tight|
Small|
Smart Phone|
SMART PHONE|
Snacks|Collations
SNACKS|
Soap|
SOAP|
Soccer Field|Terrain de foot
Socks|
SOCKS|
Software|
Some player(s) encountered errors when initializing the game.|
Sorry, you don't have enough cash.|
Sort|
Sort By City Name|
Sort By Product Name|
Sound Effects Volume|
Sowing|
Sowing Month|
Speed|
Spending on Advertising|
Spending on investor relations|
Spending on public relations|
Sport Equipement|Equipement de sport
Sport Equipment|
SPORT EQUIPMENT|
Sport Shoes|
SPORT SHOES|
SPORT_EQ|
SPORT_WE|
Sports Facilities|
Sports Store|
SPORTS WATCH|
Sports Watch|
Stadium|Stade
Start|Commencer
Static|
Steel|
STEEL|
Stock|
Stock Assets|
Stock Exchange|
Stock Exchange News|
Stock Focused|
Stock Market|Bourse
Stock News|
Stock Overview|
Stock Price|Valeur de l'action
Stock Price Graph|
Stock Price of Your Corporation|
Stock Return|
Stock Return to Investors|
Stock Returns|
Stock Value|
Stocks|
Stop Purchase|
Strategy:|
Strawberry|
STRAWBERRY|
Strengthening Corporation Ownership|
Succeeds|
Sugar Cane|
SUGAR CANE|
Suger|
SUGER|
Summary|
Summary Report|
Supermarket|
Supplier|
Supply|
Supply and Demand|
Supply and Demand Bar|
Sweater|
SWEATER|
Switch Brand Strategy|
Tabacco|
TABACCO|
TARGET|
Target Tech.|
Target Technology:|
TCP/IP|
Tech|
Tech. Invented|
Tech. Known to You|
Technology|
Technology Disruption|Perturbation Technologique
Technology Improvement|
Technology News|
Television|
TELEVISION|
Tender Offer|
Tennis Court|Terrain de tennis
Terminate Employment|
Terrain Set|
Textiles|
TEXTILES|
The area does not have any mineral deposit.|
The area does not have any oil deposit.|
The area does not have enough trees.|
The area must be at least 2 x 2 in size.|
The bar indicates the growth progress of the crop.|
The blue bar indicates the supply of the product by the current firm. The red bar indicates the demand of the product from the buyers. Examine these bars and the utilization bar carefully to identify the bottlenecks of your business.|
The blue bar indicates the supply of the product by the supplier. The red bar indicates the demand of the product from the current firm. If the supply bar is shorter than the demand bar, that means there is a lack of supply. Overall firm performance may be affected by the lack of the supply. In this case, you should consider switching to a better supplier.|
The blue bar is the livestock supply bar. The red one is the process capacity bar. If the livestock supply bar is shorter than the process capacity bar, this means that the unit is underused and can process more livestock. You could link additional input units to it to exploit its capacity.|
the brand will benefit from public relations efforts.|
The crop that the unit is currently planting.|
The current screen has been written to file %1s.|
The duration of the R&D plan.|
The firm type of the current plan is different from that of the highlighted firm.|
The highlighted firm doesn't have a layout.|
The host cannot recognize your machine.|
The host has aborted the game|
The host refuses you|
the job as the|
The kind of livestock being raised.|
The land is not available.|
The livestock product being produced.|
The location is occupied by residential|
The plan will replace the existing layout of the current firm. Proceed?|
The product currently being researched.|
The product in the unit.|
The product that the unit is currently manufacturing.|
The product that the unit is currently processing.|
The product that the unit is currently purchasing.|
The product which the unit is currently selling.|
The progress of the current R&D plan.|
The rating points of the media in which the product is being advertised. It tells you how many people are watching the media. Thus, the higher the rating points, the greater the effect of the advertising.|
The raw material which the unit is currently producing.|
The Securities and Exchange Commission does not approve your purchase.\n|
The severance for terminating the employment of \n|
The stock of raw materials in the manufacturing unit is displayed as a row of lines here. The length of each line indicates the quantity of the raw material stocked in the unit. During a manufacturing process, raw materials must first go into a manufacturing unit and then converted into products. The manufacturing process is suspended whenever any of its required raw materials is lacking. Thus, to have the unit operating at maximum efficiency, you must provide a consistent supply of raw materials.|
The Training Program|
There is no Capitalism II CDROM to start the game.|
There is no space for adding new products|
These two rows of boxes represent the quantity of baby and adult livestock in the unit. Baby livestock will mature and become adult livestock. Different types of livestock have different growth rates. In order of growth rate, the livestock are chicken, sheep, pig, and cattle.|
This area shows the stock of the product in the unit. Each box represents one cargo of the product. Each cargo can store a number of units of the product. The number of units a cargo can hold varies from product to product.|
This area shows the stock of the product in the unit. Each box represents one cargo of the product. Each cargo can store a number of units of the product. The number of units a cargo can hold varies from product to product. For some expensive products, such as cars, one cargo can hold only a few units of the product. For lower-cost products, such as shampoo, one cargo can hold up to several thousand units of the product. This makes the total value of all cargoes of all types of products about the same.|
This area shows the stock of the raw material in the unit. Each box represents one cargo of the raw material. Each cargo can store a certain quantity of the raw material.|
This bar represents what the unit spends advertising the product monthly.|
This brown bar shows the utilization of the unit. If this bar reaches its full length, the unit has reached its full capacity. It can manufacture no more goods even if there is additional supply and demand. On the other hand, if this bar is short, this indicates that its facilities and resources are not being used effectively. This might contribute to the firm's low profitability.|
This City|
This commercial building is for sale at|
This is a Beta version. Unauthorized distribution of this Beta is strictly prohibited.|
This Item can be sold in ...|
This mansion is for sale at|
This mansion is for sale at:|
This multiplayer saved game can only support %2d human %2p{playerplayers} while now there are %1d human players. The game cannot start.|
This multiplayer saved game needs %2d human players while now there %1p{isare} only %1d human %1p{playerplayers}. The game cannot start.|
This Product is for Internal Sale only|
This saved game will be deleted. Proceed ?|
Threat|
Tight|
Timber|
TIMBER|
Tissues|
TISSUES|
to|
to build the|
to manage all of your firms|
TOBACCO|
Tobacco Products|Tabac
TOBACCO PRODUCTS|
Toilet cleaner|
TOILET CLEANER|
Toothpaste|
TOOTHPASTE|
Top Tech.|
Total|
total|
Total Assets|
Total cost|
Total Dividend Paid|
Total Earnings|
Total Loan|
Total Loans|
Total No. of Employees|Total des employés
Total No. of Employees in Your Corporation|
Total no. of frontline employees|
Total no. of Shares|
Total Profit|Profit total
Total Return|
Total Revenue|Revenu total
Total Score:|
Total Score: -1 (You have enabled the cheated mode.)|
Total Wealth|
Toy|Jouet
Toy Doll|
Toy Racing Car|
Toy Store|
Trade|
Training|
Training and New Equipment|
Training Level|
Transparent|
Turkey|
Turkeys|
TV Broadcast|
TV Station|Station de TV
UNDEFINED|
Unemployment Rate|
Unexplored|
Unique Band|
Unique Brand|
unit|
Unit|
Unit Level|
Units|
units|
University|Université
Upgrade Production Technology|
Use|
Utilization|
Utilization Bar|
Value|
Value of Companies Controlled by You|
values|
Values 1|Valeurs 1
Values 2|Valeurs 2
Version %1s|
Very Aggressive|
Very Great|
Very High|Très Haut
Very Low|Très Bas
Video Game Console|
VIDEO GAME CONSOLE|
View Hot Keys|
View Supplier|
Waiting for %1s %2s|
Waiting for Sowing Season|
Waiting response from host...|
Warehouse|
Warehouse Input|
Warehouse Input Unit|
Warehouse Output|
Warehouse Output Unit|
Warehouse Storage|
Warehouse Storage Unit|
Warm|
Warm, Cool or Cold|
Warning: This will delete all information in your multiplayer lobby account that is linked to this player profile.|
Washing Machine|
WASHING MACHINE|
Washing Powder|
WASHING POWDER|
Watch|Montres
WATCH|
Wealth|
Wealth:|
Web Site|
Welcome to Seven Kingdoms II. You must register your name first.|
What is your offer ? \n|
Wheat|
WHEAT|
Wheat Germ Oil|
WHEAT GERM OIL|
Wheel & Tire|
WHEEL & TIRE|
When crops are harvested, they are stored in barns. Crops in barns are represented by boxes in the unit info-box. Each box represents a certain quantity of crops. You can see more boxes appear when crops are being harvested and disappear when crops are being sold.|
When you switch your brand strategy, all products will be labeled with the new brand and their brand ratings will be reset to zero as a result. Proceed?|
Which corporation do you want to acquire technology from:|
Who             Cash|
Who manages this firm?|
Wine|
WINE|
With Market Share|
Wool|
WOOL|
World Map|
Write-offs|
Wrong Firm|
Wrong game code.|
x|
x 2 (Goal Bonus)|
x 2 (Goal Bonus) =|
x 20|
x 20 =|
x 5|
x 5 =|
year|
Year|
Year-to-date|
year)|
Years|
years|
Years of service|
Years of Service|
years)|
Yes|Oui
Yes All|
Yogurt|
YOGURT|
You are about to start a training game. It should help you to get the most fun out of Seven Kingdoms II.|
You bought this Apartment at|
You bought this mansion at:|
You cannot acquire new technology now. None of the other companies have a technology more advanced than yours.|
You cannot join the game because the host does not accept your game version|
You cannot join the game because the saved game is different from the host|
You cannot join the game because the session is full|
You cannot use a corporation that you control to buy a stock|
You do not have enough cash.|
You have|
You haven't saved any games yet.|Vous n'avez sauvegardé aucune partie.
You offered|
You will be victorious when you have:|
Your|
Your Advantage|
Your Brand Strategy|
Your company does not have enough cash.|
Your corporation cannot buy a stock in which you have ownership.|
Your Firm cannot process this type of Product|
Your king is now immortal.|
Your Name|Votre Nom
Your Ownership of Your Corporation|
Your Personal Wealth|
YOUR PORTRAIT|
Your Start-up Capital|Capital de départ
Your technology has advanced.|
Your Treasure|
Yours|
YTD|
YTD Changes|
YTD Trade|
